Workbook

Sheet Instructions
A1: AV Central Deposit – test scenarios (v30 to v37)
A2: App file to test | B2: msapp-versions/AV-CD-v37-plaintext.msapp (v37 contains every change from v30 on).
A3: Before you start | B3: 1. Import v37 in Power Apps Studio. 2. Data → AV-CD-Requests → Refresh (needed for Manual_DG_Agency_Contact / Manual_Contractor_Contact). 3. Have two accounts: one REQUESTOR and one ADMINISTRATOR (AV-CD-RolesPermissionsList).
A4: Which cells to fill | B4: On the "Test scenarios" sheet fill only the yellow columns: Status (drop-down), Tester, Date, Comments / defect.
A5: Status values | B5: Not run · Pass · Fail · Blocked
A6: Example | B6: Status: Fail | Tester: A. Figueira | Date: 23/09/2026 | Comments: "Draft saved" shown but DG not updated in SharePoint (screenshot in Teams).
A7: Screen names | B7: The request screen is really named RequesDetailtScreen in the app.
A8: Summary | B8: The "Summary" sheet counts results per version automatically.

Sheet Test scenarios
A1: ID | B1: Version | C1: Screen | D1: Feature / scenario | E1: Role | F1: Preconditions | G1: Steps | H1: Expected result | I1: Priority | J1: Status | K1: Tester | L1: Date | M1: Comments / defect
A2: T001 | B2: v30 | C2: ReviewScreen | D2: Review queue shows every Processing request | E2: ADMINISTRATOR | F2: At least one request in Processing, including one created by this admin account. | G2: 1. Open ReviewScreen from the top menu (👁 Review). 2. Look at the queue on the left. | H2: Every Processing request is listed, including your own. Pending requests are listed too. | I2: High | J2: Not run
A3: T002 | B3: v30 | C3: ReviewScreen | D3: Just-submitted request appears in the queue | E3: Both | F3: Requestor has a Draft request ready to submit. | G3: 1. As requestor, submit the request. 2. As admin, open ReviewScreen straight away. | H3: The request appears in the queue as Processing with no manual refresh. | I3: High | J3: Not run
A4: T003 | B4: v30/v31 | C4: ReviewScreen | D4: No self-approval | E4: ADMINISTRATOR | F4: Admin opens a Processing request that the same admin account created. | G4: 1. Select your own request in the queue. 2. Check Approve / Reject / Need info. | H4: The request opens, but the three action buttons are disabled. | I4: High | J4: Not run
A5: T004 | B5: v31 | C5: ReviewScreen | D5: Actions only on Processing | E5: ADMINISTRATOR | F5: A Pending request created by someone else. | G5: 1. Select the Pending request. 2. Check Approve / Reject / Need info. | H5: All three buttons are disabled (they need Processing). | I5: High | J5: Not run
A6: T005 | B6: v31 | C6: ReviewScreen | D6: Approve / Reject / Need info still work | E6: ADMINISTRATOR | F6: A Processing request created by another user. | G6: 1. Select it. 2. Write a reviewer comment. 3. Press Need info (then repeat with other requests for Reject and Approve). | H6: The status changes to Pending / Rejected / Approved and the request leaves or updates in the queue. | I6: High | J6: Not run
A7: T006 | B7: v31 | C7: RequestManagementScreen | D7: 1.1 Media count per row | E7: Both | F7: Requests with 0, 1 and several media items. | G7: 1. Open RequestManagementScreen. 2. Compare the MEDIA ITEMS (Nº) column with the media items of each request. | H7: The number equals the media items of that request (0 when none). No delegation warning in Studio. | I7: Medium | J7: Not run
A8: T007 | B8: v31 | C8: RequestManagementScreen | D8: 1.2 Per-row production type icon | E8: Both | F8: Requests with Photo, Video and Podcast media. | G8: 1. Select "All media" in the type filter. 2. Look at the request number column. | H8: Each row shows its own icon (📷 / 🎬 / 🎙️). A request without media shows the number only. | I8: Medium | J8: Not run
A9: T008 | B9: v31 | C9: RequestManagementScreen | D9: 1.2 Icon with a type filter | E9: Both | F9: — | G9: 1. Select the Video filter. | H9: Rows show the 🎬 icon, as before. | I9: Low | J9: Not run
A10: T009 | B10: v31 | C10: RequestManagementScreen | D10: 1.3 Filters kept after navigating away | E10: Both | F10: — | G10: 1. Set status, DG, title and a date range. 2. Open a request, then come back. | H10: All filters are still set and the gallery shows the same rows. | I10: High | J10: Not run
A11: T010 | B11: v31 | C11: RequestManagementScreen | D11: 1.3 Default date range on first load | E11: Both | F11: Fresh app start. | G11: 1. Open the app and go to RequestManagementScreen. | H11: The start date is today minus 31 days and the end date is today (first visit only). | I11: Low | J11: Not run
A12: T011 | B12: v31 | C12: RequestManagementScreen | D12: 1.3 Reload button | E12: Both | F12: Change a request directly in SharePoint (e.g. its title). | G12: 1. Press ⟳ Reload. | H12: "Requests reloaded from SharePoint." appears and the gallery shows the change. | I12: Medium | J12: Not run
A13: T012 | B13: v31 | C13: RequestManagementScreen | D13: 1.3 Dashboard status jump | E13: Both | F13: — | G13: 1. On the Dashboard, click a status card (e.g. Pending). | H13: RequestManagementScreen opens filtered on that status. | I13: Medium | J13: Not run
... A68: T067 | B68: v37 | C68: ChildInfoScreen | D68: Notes still saves | E68: REQUESTOR | F68: Processing request (requestor). | G68: 1. Edit Notes and click elsewhere. 2. Reopen. | H68: The edited note is shown and saved in SharePoint. | I68: Medium | J68: Not run

Sheet Summary
A1: Version | B1: Scenarios | C1: Pass | D1: Fail | E1: Blocked | F1: Not run | G1: % passed
A2: v30 | B2: =COUNTIF('Test scenarios'!$B$2:$B$68,A2) | C2: =COUNTIFS('Test scenarios'!$B$2:$B$68,$A2,'Test scenarios'!$J$2:$J$68,"Pass") | D2: =COUNTIFS('Test scenarios'!$B$2:$B$68,$A2,'Test scenarios'!$J$2:$J$68,"Fail") | E2: =COUNTIFS('Test scenarios'!$B$2:$B$68,$A2,'Test scenarios'!$J$2:$J$68,"Blocked") | F2: =COUNTIFS('Test scenarios'!$B$2:$B$68,$A2,'Test scenarios'!$J$2:$J$68,"Not run") | G2: =IF(B2=0,0,C2/B2)
A3: v30/v31 | B3: =COUNTIF('Test scenarios'!$B$2:$B$68,A3) | C3: =COUNTIFS('Test scenarios'!$B$2:$B$68,$A3,'Test scenarios'!$J$2:$J$68,"Pass") | D3: =COUNTIFS('Test scenarios'!$B$2:$B$68,$A3,'Test scenarios'!$J$2:$J$68,"Fail") | E3: =COUNTIFS('Test scenarios'!$B$2:$B$68,$A3,'Test scenarios'!$J$2:$J$68,"Blocked") | F3: =COUNTIFS('Test scenarios'!$B$2:$B$68,$A3,'Test scenarios'!$J$2:$J$68,"Not run") | G3: =IF(B3=0,0,C3/B3)
A4: v31 | B4: =COUNTIF('Test scenarios'!$B$2:$B$68,A4) | C4: =COUNTIFS('Test scenarios'!$B$2:$B$68,$A4,'Test scenarios'!$J$2:$J$68,"Pass") | D4: =COUNTIFS('Test scenarios'!$B$2:$B$68,$A4,'Test scenarios'!$J$2:$J$68,"Fail") | E4: =COUNTIFS('Test scenarios'!$B$2:$B$68,$A4,'Test scenarios'!$J$2:$J$68,"Blocked") | F4: =COUNTIFS('Test scenarios'!$B$2:$B$68,$A4,'Test scenarios'!$J$2:$J$68,"Not run") | G4: =IF(B4=0,0,C4/B4)
A5: v32 | B5: =COUNTIF('Test scenarios'!$B$2:$B$68,A5) | C5: =COUNTIFS('Test scenarios'!$B$2:$B$68,$A5,'Test scenarios'!$J$2:$J$68,"Pass") | D5: =COUNTIFS('Test scenarios'!$B$2:$B$68,$A5,'Test scenarios'!$J$2:$J$68,"Fail") | E5: =COUNTIFS('Test scenarios'!$B$2:$B$68,$A5,'Test scenarios'!$J$2:$J$68,"Blocked") | F5: =COUNTIFS('Test scenarios'!$B$2:$B$68,$A5,'Test scenarios'!$J$2:$J$68,"Not run") | G5: =IF(B5=0,0,C5/B5)
A6: v33 | B6: =COUNTIF('Test scenarios'!$B$2:$B$68,A6) | C6: =COUNTIFS('Test scenarios'!$B$2:$B$68,$A6,'Test scenarios'!$J$2:$J$68,"Pass") | D6: =COUNTIFS('Test scenarios'!$B$2:$B$68,$A6,'Test scenarios'!$J$2:$J$68,"Fail") | E6: =COUNTIFS('Test scenarios'!$B$2:$B$68,$A6,'Test scenarios'!$J$2:$J$68,"Blocked") | F6: =COUNTIFS('Test scenarios'!$B$2:$B$68,$A6,'Test scenarios'!$J$2:$J$68,"Not run") | G6: =IF(B6=0,0,C6/B6)
A7: v34 | B7: =COUNTIF('Test scenarios'!$B$2:$B$68,A7) | C7: =COUNTIFS('Test scenarios'!$B$2:$B$68,$A7,'Test scenarios'!$J$2:$J$68,"Pass") | D7: =COUNTIFS('Test scenarios'!$B$2:$B$68,$A7,'Test scenarios'!$J$2:$J$68,"Fail") | E7: =COUNTIFS('Test scenarios'!$B$2:$B$68,$A7,'Test scenarios'!$J$2:$J$68,"Blocked") | F7: =COUNTIFS('Test scenarios'!$B$2:$B$68,$A7,'Test scenarios'!$J$2:$J$68,"Not run") | G7: =IF(B7=0,0,C7/B7)
A8: v35 | B8: =COUNTIF('Test scenarios'!$B$2:$B$68,A8) | C8: =COUNTIFS('Test scenarios'!$B$2:$B$68,$A8,'Test scenarios'!$J$2:$J$68,"Pass") | D8: =COUNTIFS('Test scenarios'!$B$2:$B$68,$A8,'Test scenarios'!$J$2:$J$68,"Fail") | E8: =COUNTIFS('Test scenarios'!$B$2:$B$68,$A8,'Test scenarios'!$J$2:$J$68,"Blocked") | F8: =COUNTIFS('Test scenarios'!$B$2:$B$68,$A8,'Test scenarios'!$J$2:$J$68,"Not run") | G8: =IF(B8=0,0,C8/B8)
A9: v36 | B9: =COUNTIF('Test scenarios'!$B$2:$B$68,A9) | C9: =COUNTIFS('Test scenarios'!$B$2:$B$68,$A9,'Test scenarios'!$J$2:$J$68,"Pass") | D9: =COUNTIFS('Test scenarios'!$B$2:$B$68,$A9,'Test scenarios'!$J$2:$J$68,"Fail") | E9: =COUNTIFS('Test scenarios'!$B$2:$B$68,$A9,'Test scenarios'!$J$2:$J$68,"Blocked") | F9: =COUNTIFS('Test scenarios'!$B$2:$B$68,$A9,'Test scenarios'!$J$2:$J$68,"Not run") | G9: =IF(B9=0,0,C9/B9)
A10: v37 | B10: =COUNTIF('Test scenarios'!$B$2:$B$68,A10) | C10: =COUNTIFS('Test scenarios'!$B$2:$B$68,$A10,'Test scenarios'!$J$2:$J$68,"Pass") | D10: =COUNTIFS('Test scenarios'!$B$2:$B$68,$A10,'Test scenarios'!$J$2:$J$68,"Fail") | E10: =COUNTIFS('Test scenarios'!$B$2:$B$68,$A10,'Test scenarios'!$J$2:$J$68,"Blocked") | F10: =COUNTIFS('Test scenarios'!$B$2:$B$68,$A10,'Test scenarios'!$J$2:$J$68,"Not run") | G10: =IF(B10=0,0,C10/B10)
A11: Total | B11: =SUM(B2:B10) | C11: =SUM(C2:C10) | D11: =SUM(D2:D10) | E11: =SUM(E2:E10) | F11: =SUM(F2:F10) | G11: =IF(B11=0,0,C11/B11)

Sheet Known gaps
A1: Area | B1: Known gap (not a test failure) | C1: Next step
A2: Print detail screens | B2: Notes are shown as raw HTML (same cause as v37). | C2: Ask to apply PlainText there too.
A3: HomePrintScreen | B3: Rows are not clickable: HP_Gallery.OnSelect is missing from the exported file. | C3: One-line fix on request.
A4: ChildInfoScreen / ChildMetaScreen | B4: CI_PodcastVisual and CM_EpisodeVisual still save attachments with Patch, which does not work for SharePoint attachments. | C4: Move them to a form like CL_FormAttach.
A5: ReviewScreen | B5: Internal Notes use the same Notes column the requestor edits on the Info tab, so they are not private. | C5: Create an InternalNotes column if they must be admin-only.
A6: RequesDetailtScreen | B6: Only Microsoft 365 users are stored in the Person columns; manual emails go to the Manual_* text columns. | C6: By design.
A7: RequestManagementScreen | B7: The list loads once per session; it reloads after Draft Save / Submit / Resubmit or with ⟳ Reload. Other changes (e.g. admin approvals) need ⟳ Reload. | C7: By design (your choice in v31).
