Workbook

Sheet Summary
A1: Central Deposit: Task Matrix Summary (v3)
A2: Counts update automatically from the Phase 1 and Phase 2 sheets.
A4: Status | B4: Phase 1 | C4: Phase 2 | D4: Total
A5: Not Started | B5: =COUNTIF('Phase 1'!$E$5:$E$40,A5) | C5: =COUNTIF('Phase 2'!$E$5:$E$10,A5) | D5: =B5+C5
A6: Ready for Dev | B6: =COUNTIF('Phase 1'!$E$5:$E$40,A6) | C6: =COUNTIF('Phase 2'!$E$5:$E$10,A6) | D6: =B6+C6
A7: Open Question | B7: =COUNTIF('Phase 1'!$E$5:$E$40,A7) | C7: =COUNTIF('Phase 2'!$E$5:$E$10,A7) | D7: =B7+C7
A8: Not Scoped | B8: =COUNTIF('Phase 1'!$E$5:$E$40,A8) | C8: =COUNTIF('Phase 2'!$E$5:$E$10,A8) | D8: =B8+C8
A9: Confirmed Phase 2 | B9: =COUNTIF('Phase 1'!$E$5:$E$40,A9) | C9: =COUNTIF('Phase 2'!$E$5:$E$10,A9) | D9: =B9+C9
A10: Done | B10: =COUNTIF('Phase 1'!$E$5:$E$40,A10) | C10: =COUNTIF('Phase 2'!$E$5:$E$10,A10) | D10: =B10+C10
A11: Total | B11: =SUM(B5:B10) | C11: =SUM(C5:C10) | D11: =SUM(D5:D10)
A13: Priority | B13: Phase 1 | C13: Phase 2 | D13: Total
A14: High | B14: =COUNTIF('Phase 1'!$D$5:$D$40,A14) | C14: =COUNTIF('Phase 2'!$D$5:$D$10,A14) | D14: =B14+C14
A15: Medium | B15: =COUNTIF('Phase 1'!$D$5:$D$40,A15) | C15: =COUNTIF('Phase 2'!$D$5:$D$10,A15) | D15: =B15+C15
A16: Low | B16: =COUNTIF('Phase 1'!$D$5:$D$40,A16) | C16: =COUNTIF('Phase 2'!$D$5:$D$10,A16) | D16: =B16+C16
A17: Total | B17: =SUM(B14:B16) | C17: =SUM(C14:C16) | D17: =SUM(D14:D16)
A19: Change in v3 | B19: Phase 1 | C19: Phase 2 | D19: Total
A20: New | B20: =COUNTIF('Phase 1'!$I$5:$I$40,A20) | C20: =COUNTIF('Phase 2'!$I$5:$I$10,A20) | D20: =B20+C20
A21: Updated | B21: =COUNTIF('Phase 1'!$I$5:$I$40,A21) | C21: =COUNTIF('Phase 2'!$I$5:$I$10,A21) | D21: =B21+C21
A22: Total | B22: =SUM(B20:B21) | C22: =SUM(C20:C21) | D22: =SUM(D20:D21)

Sheet Phase 1
A1: Central Deposit: Task Matrix, Phase 1 (v3)
A2: Core request management, workflow, notes, Beluga reference, podcast publication and approval. v3 adds the 23/09 requirements review. Fill in the yellow Deliverable Date cells. Columns K and L (23/09): what the app delivers today (version) and what is still missing.
A4: ID | B4: Category | C4: Task / Requirement | D4: Priority | E4: Status | F4: Depends On | G4: Deliverable Date | H4: Source | I4: Change in v3 | J4: Notes | K4: Built in app (version) | L4: What is missing
A5: P1-01 | B5: Requestor Communication | C5: Add an editable requestor notes field usable during the review process. Notify the admin whenever the requestor adds a new comment. Include a hint explaining what the field is for. | D5: Medium | E5: Ready for Dev | H5: Unhappy Path Doc, Q1 | I5: Updated | J5: IT confirmed it, including the hint. v3: overlaps with the request level notes in P1-27 (admin field, email alert, Last updated on). Best built together as one piece of work. | K5: v20/v23: per-media-file Notes (CI_Notes, Info tab) with hint "Anything Central Deposit should know about this media file". Stays editable for the requestor while Processing and saves by itself. | L5: A request-level requestor notes field (build with P1-27). Notification to the admin when the requestor adds a comment.
A6: P1-02 | B6: Notifications | C6: Automatic cancellation of stale requests: cancel after 3 months in the cycle, with a reminder sent every month until then. | D6: High | E6: Ready for Dev | H6: Unhappy Path Doc, Q2 | J6: IT confirmed. | K6: — | L6: Not built in the app. Needs a scheduled Power Automate flow (cancel after 3 months, monthly reminder).
A7: P1-03 | B7: Sorting / Display | C7: Sort pending requests by publication date (soonest first) and by creation date (oldest first). Confirm the publication date field exists. | D7: Low | E7: Open Question | H7: Unhappy Path Doc, Q2 | J7: Still open: IT repeated the question instead of answering it. | K7: Request Management sorts by Created (newest first); the ReviewScreen queue by Modified. | L7: Decision still open. Pick the date: the requests list has PublishedDate, StartRequestDate and EndRequestDate; media files have PublicationStartDate.
A8: P1-04 | B8: Notifications | C8: Send a notification whenever an admin reopens (un-approves) a Published request. | D8: Medium | E8: Not Started | H8: Unhappy Path Doc, Q4 | K8: v11: Published status retired (RS_BtnPublish hidden). | L8: Decide whether this still applies now Published is retired. Notification not built.
A9: P1-06 | B9: Status Workflow | C9: Define the final status list: new Under Review status after submission, and whether Pending becomes Attention Required (or Rejected becomes Incomplete). | D9: High | E9: Open Question | H9: Unhappy Path Doc, Q7 | I9: Updated | J9: IT marked this TBD. v3: the 23/09 review adds a Partially approved outcome (P1-35) and talks about requests being approved (P1-32), while the current revision dropped Approved in favour of Processing. Settle the full status list in one decision, since P1-32 and P1-35 depend on it. | K9: v11: Draft → Processing (acts as Under Review) → Approved / Rejected / Pending. Pending = Need info, requestor resubmits. Published retired. v44: Reject writes Rejected, Need info writes Pending. | L9: Final naming (Under Review vs Processing, Attention Required vs Pending) and a Partially approved status (P1-35).
A10: P1-07 | B10: Notifications | C10: Notify the admin when a request stays in Under Review for more than 1 week. | D10: Medium | E10: Not Started | F10: P1-06 | H10: Unhappy Path Doc, Q7 | K10: — | L10: Not built in the app. Needs a flow on Processing requests older than 7 days.
A11: P1-08 | B11: Workflow | C11: Allow the requestor to cancel or re-route a request stuck in review for more than 1 week. | D11: Medium | E11: Not Started | F11: P1-06 | H11: Unhappy Path Doc, Q7 | K11: — | L11: Not built in the app.
A12: P1-09 | B12: Assignee / Hand-off | C12: Support assignee hand-off between admins and notify the newly assigned admin. | D12: Medium | E12: Open Question | H12: Unhappy Path Doc, Q7 | J12: IT answered with a question ("Right?"), needs a clear yes. | K12: ReviewScreen assignee picker (RV_Assignee); approver / co-assignee saved on Approve. Assignee shown and filterable on Request Management. | L12: Hand-off at any time (not only on Approve) and a notification to the newly assigned admin.
A13: P1-10 | B13: Automation | C13: Auto-delete drafts left untouched for 1 week. | D13: Medium | E13: Ready for Dev | H13: Unhappy Path Doc, Q8 | J13: Confirmed twice by IT. | K13: — | L13: Not built in the app. Needs a scheduled flow.
A14: P1-11 | B14: Validation | C14: Block the Draft to Under Review transition when mandatory fields are empty. | D14: High | E14: Done | H14: Unhappy Path Doc, Q11 | K14: v12: Submit / Resubmit stay disabled until title, DG, both contacts and valid media are complete. v35: fixed the values they read. | L14: —
A15: P1-12 | B15: Validation / UX | C15: Show a message listing which required fields or attachments are missing. | D15: Medium | E15: Done | H15: Unhappy Path Doc, Q12 | J15: IT says it already works this way. Quick check before closing. | K15: RS_LblMissing ("Still to complete") on the request, CL_LblMissing on the Legal tab, and the checklist on the Validations tab. | L15: —
A16: P1-13 | B16: Notifications | C16: Notify the requestor whenever their request status changes. | D16: High | E16: Done | H16: Unhappy Path Doc, Business Questions | J16: Already working as described. | K16: Nothing in the app sends notifications (no mail connector); assumed to be an existing flow. | L16: Confirm the flow covers the current statuses: Processing, Pending, Rejected, Approved.
A17: P1-14 | B17: Beluga Reference | C17: Add a Beluga reference (I-number) field per media file on ChildMetaScreen, for all production types (photo reportage, video, podcast). Visible and searchable by admins. | D17: High | E17: Done | H17: Unhappy Path Doc + Requirements review 23/09 (item 3) | I17: Updated | J17: v3: moved from one field per request (at Published) to one field per media file, confirmed in the review. Open point: should requestors see it once the file is published? | K17: v15/v17: Beluga reference per media file (CI_BelugaRef), admin-only, shown once the request is Approved. v14: admin Beluga search box on Request Management. | L17: It sits on the Info tab (ChildInfoScreen), not ChildMetaScreen. Open point: requestors do not see it.
A18: P1-15 | B18: Audit | C18: Activity log with a full audit trail per request (nice to have). | D18: Low | E18: Open Question | H18: Unhappy Path Doc, Other topics 5 | J18: IT: TBD. The deleted request audit trail is already in Phase 2 (P2-04). | K18: — | L18: Not built in the app.
A19: P1-16 | B19: Bug Fix | C19: Contract Case 2 label should read "Direct Service Contract". | D19: High | E19: Ready for Dev | H19: Unhappy Path Doc, Other topics 6 | J19: IT confirmed. | K19: — | L19: Not done: the Contract case list still reads "Case 2 - specific service contract" (Case 1 reads "framework / direct service contract"). Confirm the wording; one-line change in CL_Case.Items.
A20: P1-17 | B20: Rights & Declarations | C20: Add a "No third-party rights" option (radio button) in Rights & Declarations. | D20: Medium | E20: Done | H20: Unhappy Path Doc, Other topics 6 | J20: IT confirmed. | K20: v19/v21: "No third-party rights in this production" in Rights & declarations, saved to NoThirdPartyRights. | L20: Built as a checkbox, not a radio button.
A21: P1-18 | B21: Bug | C21: Assignee field doesn't work after approval and doesn't show in the requests gallery. | D21: High | E21: Done | H21: Alexander, new item | K21: v10/v17: Assignee picker fixed; Approve writes Assignee; Assignee column and filter on Request Management. v39: Person value format fixed. | L21: Confirm in testing: approve a request, then check the Assignee column in the list.
A22: P1-19 | B22: UX Enhancement | C22: Add a button on the Review Screen to improve the review experience (scope to confirm). | D22: Medium | E22: Not Started | H22: Alexander, new item | K22: ReviewScreen gained Need info (v11), Internal Notes with a save icon per media row (v34) and a queue that reloads after each action (v41). | L22: Scope still to confirm: which button was meant.
A23: P1-20 | B23: Requestor Field Logic | C23: Requestor field: pre-select and lock the current user for Requestors. For Admins, show all requestors with "All" as default. | D23: Medium | E23: Done | H23: Alexander, new item | K23: v10: requestor filter pre-selects and locks the current user for REQUESTOR; ADMINISTRATOR gets all requestors, with "All" as default. | L23: —
A24: P1-21 | B24: UX | C24: Request Management screen opens with sections expanded by default. | D24: Low | E24: Not Started | H24: Alexander, new item | K24: — | L24: Not done: the filter sections still open collapsed (locShowFilters starts false).
A25: P1-22 | B25: UI Layout | C25: Left-align the Request Title and DG fields. | D25: Low | E25: Not Started | H25: Alexander, new item | K25: — | L25: Not changed in the app. Confirm the target layout.
A26: P1-23 | B26: UI Layout | C26: ID field at 30% width, Title field at 70%. | D26: Medium | E26: Not Started | H26: Alexander, new item | K26: Request Management: Request ID box 280 px and Title box 579 px (about 33/67), on separate rows. | L26: Confirm whether 30/70 side by side is wanted.
A27: P1-24 | B27: UI / Content | C27: New Request screen: review the screen title (scope to confirm). | D27: Low | E27: Not Started | H27: Alexander, new item | K27: The card title switches between "New request" and "Request details" by status. | L27: Scope still to confirm.
A28: P1-25 | B28: UX | C28: Add a Save button alongside Submit, visible but disabled until applicable, to guide the user. | D28: Medium | E28: Done | H28: Alexander, new item | K28: v12: Draft Save always visible next to Submit, disabled until title and DG are filled. v35: fixed what it saves. | L28: —
A29: P1-26 | B29: UI Styling | C29: Style the Add Media button to match the Submit button. | D29: Low | E29: Not Started | H29: Alexander, new item | K29: v12 restyled it, but the current app has "+ Media" orange (RGBA 180, 95, 6) while Submit is blue (RGBA 56, 96, 178). | L29: Not done in the current app: set RS_BtnDraftSave_1 colours to match Submit.
A30: P1-27 | B30: Internal Notes | C30: Two general internal notes fields per request: one for the Administrator, one for the Requestor. Send an email notification as soon as a note is added, and show "Last updated on" with the date of the latest change next to each field. | D30: Medium | E30: Ready for Dev | F30: P1-01 | H30: Alexander, new item + Requirements review 23/09 (items 2, 7) | I30: Updated | J30: v3: redefined from a single shared Notes field into two role based fields with email alerts and a last updated date. Open point: can the requestor read the Administrator's notes, or are they admin only? | K30: v34/v43: Administrator notes box on the request screen (RS_AdminNotes, saved to ReviewerComments). Editable by ADMINISTRATOR, read-only for REQUESTOR with a placeholder. | L30: Requestor request-level notes field. Email notification when a note is added. "Last updated on" date next to each field.
A31: P1-28 | B31: Validation / Permissions | C31: While a request is Under Review, lock it to view only for the requestor, except the notes field (P1-01), which stays editable. | D31: Medium | E31: Done | F31: P1-01 | H31: Unhappy Path Doc, Q3 | J31: From IT's green comments. | K31: v13/v23: requestor view-only while Processing on every tab; Notes stays editable. v32: the attachments form follows the same lock. | L31: —
A32: P1-29 | B32: Validation | C32: The requestor can never set the Published status. Only Central Deposit (Admin) publishes. | D32: Medium | E32: Done | H32: Unhappy Path Doc, Notification & Awareness | J32: From IT's green comments. | K32: v11: Published retired and the publish button hidden; no requestor path can set it. | L32: —
A33: P1-30 | B33: Notifications / Reporting | C33: Automated follow-up email every 5 business days summarising stuck or at risk requests. | D33: Medium | E33: Ready for Dev | H33: Unhappy Path Doc, SLA | J33: From IT's green comments. | K33: — | L33: Not built in the app. Needs a scheduled flow.
A34: P1-31 | B34: Internal Notes | C34: Decide whether each media file needs its own internal notes field for the requestor. If yes, add it to ChildMetaScreen for all production types. | D34: Low | E34: Open Question | F34: P1-27 | H34: Requirements review 23/09 (item 1) | I34: New | J34: Asked as an open question. The request level notes in P1-27 may be enough; a field on every media item adds clutter. | K34: Per-media-file Notes exist (Info tab) and are editable on ReviewScreen as "Internal Notes" (v34). | L34: Decision still open. Internal Notes and the requestor's Notes are the same column, so they are not private.
A35: P1-32 | B35: Review / Publication | C35: RequestDetailScreen gallery: once a request is approved, flag each media file still missing its Beluga reference. Add a Published checkbox on each row and a button to apply it to all rows at once or one by one. | D35: Medium | E35: Not Started | F35: P1-14, P1-06 | H35: Requirements review 23/09 (item 4) | I35: New | J35: Confirm which screen "RequestDetailScreen" refers to (RequestScreen or ReviewScreen in the current app). The Published checkbox can also feed partial approval in P1-35. | K35: — | L35: Not built in the app.
A36: P1-33 | B36: Podcast | C36: Podcast type: allow publication on Spotify as well as Beluga (publication channel field). Add attachments for the podcast photo, each episode photo and the audio file. Show a link to the required photo dimensions next to the upload. | D36: High | E36: Not Started | H36: Requirements review 23/09 (item 5) | I36: New | J36: The dimension rules themselves are now shown as labels (P1-37); the link can point to the fuller guidance. Confirm its URL and owner. Automatic dimension checking is in Phase 2 (P2-06). | K36: Podcast visual and episode visual upload boxes exist, with helper labels (P1-37). | L36: Spotify / publication channel field, audio file upload and the guidance link. The two uploads still save with Patch, which does not work for SharePoint attachments: move them to a form like CL_FormAttach.
A37: P1-34 | B37: Podcast / Data Model | C37: Episodes in more than one language: decide how to capture them (one episode with several language versions, or one record per language) and which files each language needs. | D37: Medium | E37: Open Question | F37: P1-33 | H37: Requirements review 23/09 (item 6) | I37: New | J37: Worth settling in Phase 1 because it changes the episode metadata structure (spec 5.2). Changing it later means migrating existing episode records. | K37: — | L37: Decision still open.
A38: P1-35 | B38: Approval Workflow | C38: Overall approval field on the request with a Partially approved option. The admin flags which media files will not be approved or published. On partial approval, send a notification listing which files were published. | D38: High | E38: Not Started | F38: P1-06, P1-32 | H38: Requirements review 23/09 (item 8) | I38: New | J38: Suggestion: derive it from the Published checkboxes in P1-32 (all ticked = Published, some ticked = Partially approved) so the admin doesn't set it twice. | K38: — | L38: Not built in the app.
A39: P1-36 | B39: Attachments | C39: Proposal: one general attachment area per request, instead of relying only on per media file attachments, for files that repeat across media files. | D39: Medium | E39: Open Question | H39: Requirements review 23/09 (item 9) | I39: New | J39: Raised for team agreement. Saves uploading the same file several times. Check how it fits with the contract checklist documents, which already sit at request level. | K39: v32: attachments per media file through CL_FormAttach (Legal tab). | L39: Request-level attachment area not built; decision still open.
A40: P1-37 | B40: Podcast / UX | C40: Add helper labels next to the podcast image uploads so users see the requirements before uploading. Podcast visual (with text): square format, minimum 1400 x 1400 px and maximum 3000 x 3000 px, JPEG or PNG, RGB colour space. Episode visual: horizontal format, 1280 x 720 px, JPEG or PNG. | D40: High | E40: Done | F40: P1-33 | H40: Alexander, new item | I40: New | J40: Specs provided directly, so no decision needed. Same rules will drive the automatic check in P2-06, so keep them in one place (e.g. a config list) rather than hardcoded twice. | K40: Helper labels CI_HintPodcastVisual (square, 1400-3000 px, JPEG/PNG, RGB) and CM_HintEpisodeVisual (1280x720, JPEG/PNG). | L40: The rules are hardcoded in the two labels, not in one config list.

Sheet Phase 2
A1: Central Deposit: Task Matrix, Phase 2 (v3)
A2: Reporting / Power BI, archiving, audit and recovery, and automated photo dimension checks. Fill in the yellow Deliverable Date cells. Columns K and L (23/09): what the app delivers today (version) and what is still missing.
A4: ID | B4: Category | C4: Task / Requirement | D4: Priority | E4: Status | F4: Depends On | G4: Deliverable Date | H4: Source | I4: Change in v3 | J4: Notes | K4: Built in app (version) | L4: What is missing
A5: P2-01 | B5: Archiving | C5: Archive requests 3 years and older, accounting for the SharePoint 5,000 item list view threshold. | D5: High | E5: Ready for Dev | H5: Unhappy Path Doc, Q1 | J5: Stakeholders said 2 years, IT's later comments say 3. Using 3; confirm with IT. | K5: — | L5: Not built in the app.
A6: P2-02 | B6: Archiving | C6: General archiving policy for older requests on the platform. | D6: Medium | E6: Ready for Dev | H6: Unhappy Path Doc, Other topics 4 | J6: Overlaps with P2-01, may be the same piece of work. | K6: — | L6: Not built in the app.
A7: P2-03 | B7: Reporting | C7: Scope and build the Reporting / Power BI integration. | D7: Medium | E7: Not Scoped | H7: Phase split | K7: — | L7: Not scoped or built.
A8: P2-04 | B8: Audit & Recovery | C8: Audit trail for deleted requests with soft delete, so they can be recovered, including Published requests. | D8: High | E8: Confirmed Phase 2 | H8: Unhappy Path Doc, Q6 | J8: Moved from Phase 1 per IT. A red note called recovery "not the priority now"; check how firm that is. | K8: — | L8: Not built in the app.
A9: P2-05 | B9: Archiving | C9: Auto-archive rejected requests after 30 days, giving the requestor time to respond. | D9: Medium | E9: Ready for Dev | H9: Unhappy Path Doc, Q5 | J9: From IT's green comments. | K9: The Rejected status is written by the Reject button (v44). | L9: Not built in the app. Needs a scheduled flow.
A10: P2-06 | B10: Podcast / Validation | C10: Automatically check that uploaded podcast and episode photos meet the required dimensions, format and colour space (rules in P1-37), and warn or block when they don't. | D10: Medium | E10: Not Started | F10: P1-33, P1-37 | H10: Requirements review 23/09 (item 5) | I10: New | J10: Explicitly scheduled for Phase 2 in the review. | K10: — | L10: Not built in the app.
